<?xml version="1.0" encoding="utf-8"?>
<!--/8971494/1257230/2.50/5/3/Connector/-->
<quadcept_library>
  <setting unit="mil" />
  <textstyle name="Default" height="47.244094488189" strokewidth="7.8740157480315" charwidth="47.244094488189" />
  <textstyle name="Dimension" height="19.6850393700787" strokewidth="0" charwidth="19.6850393700787" />
  <textstyle name="H127W0635TH00762" height="50" strokewidth="3" charwidth="25" />
  <textstyle name="H15W15TH02" height="59.0551181102362" strokewidth="7.8740157480315" charwidth="59.0551181102362" />
  <padstyle name="c255_h170" surface="False" plated="True" isvia="False" nopaste="True" nomask="True" complex="False" holesize="66.929133858267">
    <padshape layer="TOP" shape="round" width="100.3937007874" height="100.3937007874" />
    <padshape layer="TOP_SOLDER_MASK" shape="round" width="108.26771653543" height="108.26771653543" />
    <padshape layer="INNER" shape="round" width="100.3937007874" height="100.3937007874" />
    <padshape layer="BOTTOM" shape="round" width="100.3937007874" height="100.3937007874" />
    <padshape layer="BOTTOM_SOLDER_MASK" shape="round" width="108.26771653543" height="108.26771653543" />
  </padstyle>
  <padstyle name="s255_h170" surface="False" plated="True" isvia="False" nopaste="True" nomask="True" complex="False" holesize="66.929133858267">
    <padshape layer="TOP" shape="square" width="100.3937007874" height="100.3937007874" />
    <padshape layer="TOP_SOLDER_MASK" shape="square" width="108.26771653543" height="108.26771653543" />
    <padshape layer="INNER" shape="square" width="100.3937007874" height="100.3937007874" />
    <padshape layer="BOTTOM" shape="square" width="100.3937007874" height="100.3937007874" />
    <padshape layer="BOTTOM_SOLDER_MASK" shape="square" width="108.26771653543" height="108.26771653543" />
  </padstyle>
  <padstyle name="c150_h100" surface="False" plated="True" isvia="False" nopaste="True" nomask="True" complex="False" holesize="39.370078740157">
    <padshape layer="TOP" shape="round" width="59.055118110235" height="59.055118110235" />
    <padshape layer="TOP_SOLDER_MASK" shape="round" width="66.929133858267" height="66.929133858267" />
    <padshape layer="INNER" shape="round" width="59.055118110235" height="59.055118110235" />
    <padshape layer="BOTTOM" shape="round" width="59.055118110235" height="59.055118110235" />
    <padshape layer="BOTTOM_SOLDER_MASK" shape="round" width="66.929133858267" height="66.929133858267" />
  </padstyle>
  <footprint name="MR30PWM" originx="0" originy="0" pickpointx="0" pickpointy="0">
    <pcbpin number="1" name="1" style="s255_h170" originx="0" originy="0" rotation="90" />
    <pcbpin number="2" name="2" style="c255_h170" originx="-137.79527559055" originy="0" rotation="90" />
    <pcbpin number="3" name="3" style="c255_h170" originx="-275.5905511811" originy="0" rotation="90" />
    <pcbpin number="4" name="4" style="c150_h100" originx="-393.70078740157" originy="393.70078740157" rotation="90" />
    <pcbpin number="5" name="5" style="c150_h100" originx="118.11023622047" originy="393.70078740157" rotation="90" />
    <line layer="TOP_ASSEMBLY" originx="98.425196850392" originy="511.81102362204" endx="-374.01574803149" endy="511.81102362204" width="3.9370078740157" />
    <line layer="TOP_ASSEMBLY" originx="-374.01574803149" originy="511.81102362204" endx="-374.01574803149" endy="157.48031496063" width="3.9370078740157" />
    <line layer="TOP_ASSEMBLY" originx="-374.01574803149" originy="157.48031496063" endx="98.425196850392" endy="157.48031496063" width="3.9370078740157" />
    <line layer="TOP_ASSEMBLY" originx="98.425196850392" originy="157.48031496063" endx="98.425196850392" endy="511.81102362204" width="3.9370078740157" />
    <line layer="TOP_PLACE_BOUND" originx="204.72440944882" originy="551.1811023622" endx="-480.31496062992" endy="551.1811023622" width="3.9370078740157" />
    <line layer="TOP_PLACE_BOUND" originx="-480.31496062992" originy="551.1811023622" endx="-480.31496062992" endy="-89.566929133857" width="3.9370078740157" />
    <line layer="TOP_PLACE_BOUND" originx="-480.31496062992" originy="-89.566929133857" endx="204.72440944882" endy="-89.566929133857" width="3.9370078740157" />
    <line layer="TOP_PLACE_BOUND" originx="204.72440944882" originy="-89.566929133857" endx="204.72440944882" endy="551.1811023622" width="3.9370078740157" />
    <line layer="TOP_ASSEMBLY" originx="98.425196850392" originy="437.00787401574" endx="165.35433070866" endy="437.00787401574" width="3.9370078740157" />
    <line layer="TOP_ASSEMBLY" originx="165.35433070866" originy="437.00787401574" endx="165.35433070866" endy="350.3937007874" width="3.9370078740157" />
    <line layer="TOP_ASSEMBLY" originx="165.35433070866" originy="350.3937007874" endx="98.425196850392" endy="350.3937007874" width="3.9370078740157" />
    <line layer="TOP_ASSEMBLY" originx="-374.01574803149" originy="437.00787401574" endx="-440.94488188976" endy="437.00787401574" width="3.9370078740157" />
    <line layer="TOP_ASSEMBLY" originx="-440.94488188976" originy="437.00787401574" endx="-440.94488188976" endy="350.3937007874" width="3.9370078740157" />
    <line layer="TOP_ASSEMBLY" originx="-440.94488188976" originy="350.3937007874" endx="-374.01574803149" endy="350.3937007874" width="3.9370078740157" />
    <line layer="TOP_SILKSCREEN" originx="-137.79527559055" originy="157.48031496063" endx="-374.01574803149" endy="157.48031496063" width="7.8740157480314" />
    <line layer="TOP_SILKSCREEN" originx="-374.01574803149" originy="157.48031496063" endx="-374.01574803149" endy="350.3937007874" width="7.8740157480314" />
    <line layer="TOP_SILKSCREEN" originx="-374.01574803149" originy="350.3937007874" endx="-440.94488188976" endy="350.3937007874" width="7.8740157480314" />
    <line layer="TOP_SILKSCREEN" originx="-440.94488188976" originy="350.3937007874" endx="-440.94488188976" endy="437.00787401574" width="7.8740157480314" />
    <line layer="TOP_SILKSCREEN" originx="-440.94488188976" originy="437.00787401574" endx="-374.01574803149" endy="437.00787401574" width="7.8740157480314" />
    <line layer="TOP_SILKSCREEN" originx="-374.01574803149" originy="437.00787401574" endx="-374.01574803149" endy="511.81102362204" width="7.8740157480314" />
    <line layer="TOP_SILKSCREEN" originx="-374.01574803149" originy="511.81102362204" endx="98.425196850392" endy="511.81102362204" width="7.8740157480314" />
    <line layer="TOP_SILKSCREEN" originx="98.425196850392" originy="511.81102362204" endx="98.425196850392" endy="437.00787401574" width="7.8740157480314" />
    <line layer="TOP_SILKSCREEN" originx="98.425196850392" originy="437.00787401574" endx="165.35433070866" endy="437.00787401574" width="7.8740157480314" />
    <line layer="TOP_SILKSCREEN" originx="165.35433070866" originy="437.00787401574" endx="165.35433070866" endy="350.3937007874" width="7.8740157480314" />
    <line layer="TOP_SILKSCREEN" originx="165.35433070866" originy="350.3937007874" endx="98.425196850392" endy="350.3937007874" width="7.8740157480314" />
    <line layer="TOP_SILKSCREEN" originx="98.425196850392" originy="350.3937007874" endx="98.425196850392" endy="157.48031496063" width="7.8740157480314" />
    <line layer="TOP_SILKSCREEN" originx="98.425196850392" originy="157.48031496063" endx="-137.79527559055" endy="157.48031496063" width="7.8740157480314" />
    <line layer="TOP_SILKSCREEN" originx="0" originy="-70.866141732283" endx="0" endy="-70.866141732283" width="3.9370078740157" />
    <arc layer="TOP_SILKSCREEN" originx="3.9370078740157" originy="-68.897637795275" startangle="-90.0" sweepangle="180.0" radius="1.9685039370079" width="3.9370078740157" />
    <line layer="TOP_SILKSCREEN" originx="0" originy="-66.929133858267" endx="0" endy="-66.929133858267" width="3.9370078740157" />
    <arc layer="TOP_SILKSCREEN" originx="3.9370078740157" originy="-68.897637795275" startangle="90.0" sweepangle="180.0" radius="1.9685039370079" width="3.9370078740157" />
  </footprint>
  <symbol name="MR30PW-M" originx="0" originy="0">
    <line originx="200" originy="100" endx="700" endy="100" width="0" />
    <line originx="700" originy="-300" endx="700" endy="100" width="0" />
    <line originx="700" originy="-300" endx="200" endy="-300" width="0" />
    <line originx="200" originy="100" endx="200" endy="-300" width="0" />
    <sympin number="1" originx="200" originy="-200" rotation="180" length="100" width="7.8740157480315" flipped="False">
      <text name="pinname" originx="230" originy="-200" style="Default" rotation="0" justify="left" flipped="False" hidden="False" data="1" />
      <text name="pindes" originx="140" originy="-180" style="Default" rotation="0" justify="lowerright" flipped="False" hidden="False" data="1" />
    </sympin>
    <sympin number="2" originx="200" originy="-100" rotation="180" length="100" width="7.8740157480315" flipped="False">
      <text name="pinname" originx="230" originy="-100" style="Default" rotation="0" justify="left" flipped="False" hidden="False" data="2" />
      <text name="pindes" originx="140" originy="-80" style="Default" rotation="0" justify="lowerright" flipped="False" hidden="False" data="2" />
    </sympin>
    <sympin number="3" originx="200" originy="0" rotation="180" length="100" width="7.8740157480315" flipped="False">
      <text name="pinname" originx="230" originy="0" style="Default" rotation="0" justify="left" flipped="False" hidden="False" data="3" />
      <text name="pindes" originx="140" originy="20" style="Default" rotation="0" justify="lowerright" flipped="False" hidden="False" data="3" />
    </sympin>
    <sympin number="4" originx="700" originy="0" rotation="0" length="100" width="7.8740157480315" flipped="False">
      <text name="pinname" originx="670" originy="0" style="Default" rotation="0" justify="right" flipped="False" hidden="False" data="MH1" />
      <text name="pindes" originx="760" originy="20" style="Default" rotation="0" justify="lowerleft" flipped="False" hidden="False" data="4" />
    </sympin>
    <sympin number="5" originx="700" originy="-100" rotation="0" length="100" width="7.8740157480315" flipped="False">
      <text name="pinname" originx="670" originy="-100" style="Default" rotation="0" justify="right" flipped="False" hidden="False" data="MH2" />
      <text name="pindes" originx="760" originy="-80" style="Default" rotation="0" justify="lowerleft" flipped="False" hidden="False" data="5" />
    </sympin>
  </symbol>
  <component name="MR30PW-M" designatorprefix="J" height="208.66141732283" footprint="MR30PWM">
    <comppin designator="1" sympin="1" pinswap="0" gateswap="0" gate="1" group="1" side="" type="Any" name="1" />
    <comppin designator="2" sympin="2" pinswap="0" gateswap="0" gate="1" group="1" side="" type="Any" name="2" />
    <comppin designator="3" sympin="3" pinswap="0" gateswap="0" gate="1" group="1" side="" type="Any" name="3" />
    <comppin designator="4" sympin="4" pinswap="0" gateswap="0" gate="1" group="1" side="" type="Any" name="MH1" />
    <comppin designator="5" sympin="5" pinswap="0" gateswap="0" gate="1" group="1" side="" type="Any" name="MH2" />
    <attached_symbol gate="1" name="MR30PW-M" />
    <pinmap designator="1" footprintpin="1" />
    <pinmap designator="2" footprintpin="2" />
    <pinmap designator="3" footprintpin="3" />
    <pinmap designator="4" footprintpin="4" />
    <pinmap designator="5" footprintpin="5" />
    <text name="Datasheet" originx="0" originy="0" style="Default" rotation="0" justify="" flipped="False" hidden="True" data="https://www.tme.eu/Document/5fffb0d591c3b83b8e9faab5387231c6/MR30PW-M.pdf" />
    <text name="Description" originx="0" originy="0" style="Default" rotation="0" justify="" flipped="False" hidden="True" data="Connector: DC supply; socket; MR30; male; PIN: 3; on PCBs; THT; 15A , 500VDC , -20C to 120C" />
    <text name="TME Electronic Components Part Number" originx="0" originy="0" style="Default" rotation="0" justify="" flipped="False" hidden="True" data="" />
    <text name="TME Electronic Components Price/Stock" originx="0" originy="0" style="Default" rotation="0" justify="" flipped="False" hidden="True" data="" />
    <text name="Manufacturer_Name" originx="0" originy="0" style="Default" rotation="0" justify="" flipped="False" hidden="True" data="Amass" />
    <text name="Manufacturer_Part_Number" originx="750" originy="200" style="Default" rotation="0" justify="left" flipped="False" hidden="False" data="MR30PW-M" />
  </component>
</quadcept_library>
